SET DEFINE OFF;
DELETE FROM Presidents;
DELETE FROM AssociateJustices;
DELETE FROM ChiefJustices;
INSERT INTO Presidents (presidentName, party, inaugurationDate, resignationDate) VALUES ('George Washington', 'Unaffiliated', TO_DATE('1789-04-30', 'YYYY-MM-DD'), TO_DATE('1797-03-04', 'YYYY-MM-DD'));
INSERT INTO Presidents (presidentName, party, inaugurationDate, resignationDate) VALUES ('John Adams', 'Federalist', TO_DATE('1797-03-04', 'YYYY-MM-DD'), TO_DATE('1801-03-04', 'YYYY-MM-DD'));
INSERT INTO Presidents (presidentName, party, inaugurationDate, resignationDate) VALUES ('Thomas Jefferson', 'Democratic-Republican', TO_DATE('1801-03-04', 'YYYY-MM-DD'), TO_DATE('1809-03-04', 'YYYY-MM-DD'));
INSERT INTO Presidents (presidentName, party, inaugurationDate, resignationDate) VALUES ('James Madison', 'Democratic-Republican', TO_DATE('1809-03-04', 'YYYY-MM-DD'), TO_DATE('1817-03-04', 'YYYY-MM-DD'));
INSERT INTO Presidents (presidentName, party, inaugurationDate, resignationDate) VALUES ('James Monroe', 'Democratic-Republican', TO_DATE('1817-03-04', 'YYYY-MM-DD'), TO_DATE('1825-03-04', 'YYYY-MM-DD'));
INSERT INTO Presidents (presidentName, party, inaugurationDate, resignationDate) VALUES ('John Quincy Adams', 'Democratic-Republican', TO_DATE('1825-03-04', 'YYYY-MM-DD'), TO_DATE('1829-03-04', 'YYYY-MM-DD'));
INSERT INTO Presidents (presidentName, party, inaugurationDate, resignationDate) VALUES ('Andrew Jackson', 'Democratic', TO_DATE('1829-03-04', 'YYYY-MM-DD'), TO_DATE('1837-03-04', 'YYYY-MM-DD'));
INSERT INTO Presidents (presidentName, party, inaugurationDate, resignationDate) VALUES ('Martin Van Buren', 'Democratic', TO_DATE('1837-03-04', 'YYYY-MM-DD'), TO_DATE('1841-03-04', 'YYYY-MM-DD'));
INSERT INTO Presidents (presidentName, party, inaugurationDate, resignationDate) VALUES ('William Henry Harrison', 'Whig', TO_DATE('1841-03-04', 'YYYY-MM-DD'), TO_DATE('1841-04-06', 'YYYY-MM-DD'));
INSERT INTO Presidents (presidentName, party, inaugurationDate, resignationDate) VALUES ('John Tyler', 'Whig', TO_DATE('1841-04-06', 'YYYY-MM-DD'), TO_DATE('1845-03-04', 'YYYY-MM-DD'));
INSERT INTO Presidents (presidentName, party, inaugurationDate, resignationDate) VALUES ('James Knox Polk', 'Democratic', TO_DATE('1845-03-04', 'YYYY-MM-DD'), TO_DATE('1849-03-05', 'YYYY-MM-DD'));
INSERT INTO Presidents (presidentName, party, inaugurationDate, resignationDate) VALUES ('Zachary Taylor', 'Whig', TO_DATE('1849-03-05', 'YYYY-MM-DD'), TO_DATE('1850-07-10', 'YYYY-MM-DD'));
INSERT INTO Presidents (presidentName, party, inaugurationDate, resignationDate) VALUES ('Millard Fillmore', 'Whig', TO_DATE('1850-07-10', 'YYYY-MM-DD'), TO_DATE('1853-03-04', 'YYYY-MM-DD'));
INSERT INTO Presidents (presidentName, party, inaugurationDate, resignationDate) VALUES ('Franklin Pierce', 'Democratic', TO_DATE('1853-03-04', 'YYYY-MM-DD'), TO_DATE('1857-03-04', 'YYYY-MM-DD'));
INSERT INTO Presidents (presidentName, party, inaugurationDate, resignationDate) VALUES ('James Buchanan', 'Democratic', TO_DATE('1857-03-04', 'YYYY-MM-DD'), TO_DATE('1861-03-04', 'YYYY-MM-DD'));
INSERT INTO Presidents (presidentName, party, inaugurationDate, resignationDate) VALUES ('Abraham Lincoln', 'Republican', TO_DATE('1861-03-04', 'YYYY-MM-DD'), TO_DATE('1865-04-15', 'YYYY-MM-DD'));
INSERT INTO Presidents (presidentName, party, inaugurationDate, resignationDate) VALUES ('Andrew Johnson', 'Democratic', TO_DATE('1865-04-15', 'YYYY-MM-DD'), TO_DATE('1869-03-04', 'YYYY-MM-DD'));
INSERT INTO Presidents (presidentName, party, inaugurationDate, resignationDate) VALUES ('Ulysses S. Grant', 'Republican', TO_DATE('1869-03-04', 'YYYY-MM-DD'), TO_DATE('1877-03-04', 'YYYY-MM-DD'));
INSERT INTO Presidents (presidentName, party, inaugurationDate, resignationDate) VALUES ('Rutherford B. Hayes', 'Republican', TO_DATE('1877-03-04', 'YYYY-MM-DD'), TO_DATE('1881-03-04', 'YYYY-MM-DD'));
INSERT INTO Presidents (presidentName, party, inaugurationDate, resignationDate) VALUES ('James A. Garfield', 'Republican', TO_DATE('1881-03-04', 'YYYY-MM-DD'), TO_DATE('1881-09-20', 'YYYY-MM-DD'));
INSERT INTO Presidents (presidentName, party, inaugurationDate, resignationDate) VALUES ('Chester Arthur', 'Republican', TO_DATE('1881-09-20', 'YYYY-MM-DD'), TO_DATE('1885-03-04', 'YYYY-MM-DD'));
INSERT INTO Presidents (presidentName, party, inaugurationDate, resignationDate) VALUES ('Grover Cleveland', 'Democratic', TO_DATE('1885-03-04', 'YYYY-MM-DD'), TO_DATE('1889-03-04', 'YYYY-MM-DD'));
INSERT INTO Presidents (presidentName, party, inaugurationDate, resignationDate) VALUES ('Benjamin Harrison', 'Republican', TO_DATE('1889-03-04', 'YYYY-MM-DD'), TO_DATE('1893-03-04', 'YYYY-MM-DD'));
INSERT INTO Presidents (presidentName, party, inaugurationDate, resignationDate) VALUES ('Grover Cleveland (2nd term)', 'Democratic', TO_DATE('1893-03-04', 'YYYY-MM-DD'), TO_DATE('1897-03-04', 'YYYY-MM-DD'));
INSERT INTO Presidents (presidentName, party, inaugurationDate, resignationDate) VALUES ('William McKinley', 'Republican', TO_DATE('1897-03-04', 'YYYY-MM-DD'), TO_DATE('1901-09-14', 'YYYY-MM-DD'));
INSERT INTO Presidents (presidentName, party, inaugurationDate, resignationDate) VALUES ('Theodore Roosevelt', 'Republican', TO_DATE('1901-09-14', 'YYYY-MM-DD'), TO_DATE('1909-03-04', 'YYYY-MM-DD'));
INSERT INTO Presidents (presidentName, party, inaugurationDate, resignationDate) VALUES ('William Howard Taft', 'Republican', TO_DATE('1909-03-04', 'YYYY-MM-DD'), TO_DATE('1913-03-04', 'YYYY-MM-DD'));
INSERT INTO Presidents (presidentName, party, inaugurationDate, resignationDate) VALUES ('Woodrow Wilson', 'Democratic', TO_DATE('1913-03-04', 'YYYY-MM-DD'), TO_DATE('1921-03-04', 'YYYY-MM-DD'));
INSERT INTO Presidents (presidentName, party, inaugurationDate, resignationDate) VALUES ('Warren G. Harding', 'Republican', TO_DATE('1921-03-04', 'YYYY-MM-DD'), TO_DATE('1923-08-03', 'YYYY-MM-DD'));
INSERT INTO Presidents (presidentName, party, inaugurationDate, resignationDate) VALUES ('Calvin Coolidge', 'Republican', TO_DATE('1923-08-03', 'YYYY-MM-DD'), TO_DATE('1929-03-04', 'YYYY-MM-DD'));
INSERT INTO Presidents (presidentName, party, inaugurationDate, resignationDate) VALUES ('Herbert Hoover', 'Republican', TO_DATE('1929-03-04', 'YYYY-MM-DD'), TO_DATE('1933-03-04', 'YYYY-MM-DD'));
INSERT INTO Presidents (presidentName, party, inaugurationDate, resignationDate) VALUES ('Franklin D. Roosevelt', 'Democratic', TO_DATE('1933-03-04', 'YYYY-MM-DD'), TO_DATE('1945-04-12', 'YYYY-MM-DD'));
INSERT INTO Presidents (presidentName, party, inaugurationDate, resignationDate) VALUES ('Harry S. Truman', 'Democratic', TO_DATE('1945-04-12', 'YYYY-MM-DD'), TO_DATE('1953-01-20', 'YYYY-MM-DD'));
INSERT INTO Presidents (presidentName, party, inaugurationDate, resignationDate) VALUES ('Dwight D. Eisenhower', 'Republican', TO_DATE('1953-01-20', 'YYYY-MM-DD'), TO_DATE('1961-01-20', 'YYYY-MM-DD'));
INSERT INTO Presidents (presidentName, party, inaugurationDate, resignationDate) VALUES ('John F. Kennedy', 'Democratic', TO_DATE('1961-01-20', 'YYYY-MM-DD'), TO_DATE('1963-11-22', 'YYYY-MM-DD'));
INSERT INTO Presidents (presidentName, party, inaugurationDate, resignationDate) VALUES ('Lyndon B. Johnson', 'Democratic', TO_DATE('1963-11-22', 'YYYY-MM-DD'), TO_DATE('1969-01-20', 'YYYY-MM-DD'));
INSERT INTO Presidents (presidentName, party, inaugurationDate, resignationDate) VALUES ('Richard M. Nixon', 'Republican', TO_DATE('1969-01-20', 'YYYY-MM-DD'), TO_DATE('1974-08-09', 'YYYY-MM-DD'));
INSERT INTO Presidents (presidentName, party, inaugurationDate, resignationDate) VALUES ('Gerald R. Ford', 'Republican', TO_DATE('1974-08-09', 'YYYY-MM-DD'), TO_DATE('1977-01-20', 'YYYY-MM-DD'));
INSERT INTO Presidents (presidentName, party, inaugurationDate, resignationDate) VALUES ('Jimmy Carter', 'Democratic', TO_DATE('1977-01-20', 'YYYY-MM-DD'), TO_DATE('1981-01-20', 'YYYY-MM-DD'));
INSERT INTO Presidents (presidentName, party, inaugurationDate, resignationDate) VALUES ('Ronald Reagan', 'Republican', TO_DATE('1981-01-20', 'YYYY-MM-DD'), TO_DATE('1989-01-20', 'YYYY-MM-DD'));
INSERT INTO Presidents (presidentName, party, inaugurationDate, resignationDate) VALUES ('George Bush', 'Republican', TO_DATE('1989-01-20', 'YYYY-MM-DD'), TO_DATE('1993-01-20', 'YYYY-MM-DD'));
INSERT INTO Presidents (presidentName, party, inaugurationDate, resignationDate) VALUES ('William J. Clinton', 'Democratic', TO_DATE('1993-01-20', 'YYYY-MM-DD'), TO_DATE('2001-01-20', 'YYYY-MM-DD'));
INSERT INTO Presidents (presidentName, party, inaugurationDate, resignationDate) VALUES ('George W. Bush', 'Republican', TO_DATE('2001-01-20', 'YYYY-MM-DD'), TO_DATE('2009-01-20', 'YYYY-MM-DD'));
INSERT INTO Presidents (presidentName, party, inaugurationDate, resignationDate) VALUES ('Barack Obama', 'Democratic', TO_DATE('2009-01-20', 'YYYY-MM-DD'), TO_DATE('2017-01-20', 'YYYY-MM-DD'));
INSERT INTO Presidents (presidentName, party, inaugurationDate, resignationDate) VALUES ('Donald J. Trump', 'Republican', TO_DATE('2017-01-20', 'YYYY-MM-DD'), TO_DATE('2021-01-20', 'YYYY-MM-DD'));
INSERT INTO Presidents (presidentName, party, inaugurationDate, resignationDate) VALUES ('Joe Biden', 'Democratic', TO_DATE('2021-01-20', 'YYYY-MM-DD'), TO_DATE(NULL, 'YYYY-MM-DD'));
INSERT INTO AssociateJustices (justiceName, state, nominatingPresident, dateAppointed) VALUES ('JRutledge2', 'South Carolina', 'George Washington', TO_DATE('1790-02-15', 'YYYY-MM-DD'));
INSERT INTO AssociateJustices (justiceName, state, nominatingPresident, dateAppointed) VALUES ('WCushing', 'Massachusetts', 'George Washington', TO_DATE('1790-02-15', 'YYYY-MM-DD'));
INSERT INTO AssociateJustices (justiceName, state, nominatingPresident, dateAppointed) VALUES ('JWilson', 'Pennsylvania', 'George Washington', TO_DATE('1989-08-05', 'YYYY-MM-DD'));
INSERT INTO AssociateJustices (justiceName, state, nominatingPresident, dateAppointed) VALUES ('JBlair', 'Virginia', 'George Washington', TO_DATE('1790-02-15', 'YYYY-MM-DD'));
INSERT INTO AssociateJustices (justiceName, state, nominatingPresident, dateAppointed) VALUES ('JIredell', 'North Carolina', 'George Washington', TO_DATE('1790-05-12', 'YYYY-MM-DD'));
INSERT INTO AssociateJustices (justiceName, state, nominatingPresident, dateAppointed) VALUES ('TJohnson', 'Maryland', 'George Washington', TO_DATE('1791-09-19', 'YYYY-MM-DD'));
INSERT INTO AssociateJustices (justiceName, state, nominatingPresident, dateAppointed) VALUES ('WPaterson', 'New Jersey', 'George Washington', TO_DATE('1793-03-11', 'YYYY-MM-DD'));
INSERT INTO AssociateJustices (justiceName, state, nominatingPresident, dateAppointed) VALUES ('SChase', 'Maryland', 'George Washington', TO_DATE('1796-02-04', 'YYYY-MM-DD'));
INSERT INTO AssociateJustices (justiceName, state, nominatingPresident, dateAppointed) VALUES ('BWashington', 'Virginia', 'John Adams', TO_DATE('1798-11-09', 'YYYY-MM-DD'));
INSERT INTO AssociateJustices (justiceName, state, nominatingPresident, dateAppointed) VALUES ('AMoore', 'North Carolina', 'John Adams', TO_DATE('1800-04-21', 'YYYY-MM-DD'));
INSERT INTO AssociateJustices (justiceName, state, nominatingPresident, dateAppointed) VALUES ('WJohnson', 'South Carolina', 'Thomas Jefferson', TO_DATE('1804-05-07', 'YYYY-MM-DD'));
INSERT INTO AssociateJustices (justiceName, state, nominatingPresident, dateAppointed) VALUES ('HBLivingston', 'New York', 'Thomas Jefferson', TO_DATE('1807-01-20', 'YYYY-MM-DD'));
INSERT INTO AssociateJustices (justiceName, state, nominatingPresident, dateAppointed) VALUES ('TTodd', 'Kentucky', 'Thomas Jefferson', TO_DATE('1807-05-04', 'YYYY-MM-DD'));
INSERT INTO AssociateJustices (justiceName, state, nominatingPresident, dateAppointed) VALUES ('GDuvall', 'Maryland', 'James Madison', TO_DATE('1811-11-23', 'YYYY-MM-DD'));
INSERT INTO AssociateJustices (justiceName, state, nominatingPresident, dateAppointed) VALUES ('JStory', 'Massachusetts', 'James Madison', TO_DATE('1812-02-03', 'YYYY-MM-DD'));
INSERT INTO AssociateJustices (justiceName, state, nominatingPresident, dateAppointed) VALUES ('SThompson', 'New York', 'James Monroe', TO_DATE('1823-09-01', 'YYYY-MM-DD'));
INSERT INTO AssociateJustices (justiceName, state, nominatingPresident, dateAppointed) VALUES ('RTrimble', 'Kentucky', 'John Quincy Adams', TO_DATE('1826-06-16', 'YYYY-MM-DD'));
INSERT INTO AssociateJustices (justiceName, state, nominatingPresident, dateAppointed) VALUES ('JMcLean', 'Ohio', 'Andrew Jackson', TO_DATE('1829-03-12', 'YYYY-MM-DD'));
INSERT INTO AssociateJustices (justiceName, state, nominatingPresident, dateAppointed) VALUES ('HBaldwin', 'Pennsylvania', 'Andrew Jackson', TO_DATE('1830-01-18', 'YYYY-MM-DD'));
INSERT INTO AssociateJustices (justiceName, state, nominatingPresident, dateAppointed) VALUES ('JMWayne', 'Georgia', 'Andrew Jackson', TO_DATE('1835-01-14', 'YYYY-MM-DD'));
INSERT INTO AssociateJustices (justiceName, state, nominatingPresident, dateAppointed) VALUES ('PPBarbour', 'Virginia', 'Andrew Jackson', TO_DATE('1836-05-12', 'YYYY-MM-DD'));
INSERT INTO AssociateJustices (justiceName, state, nominatingPresident, dateAppointed) VALUES ('JCatron', 'Tennessee', 'Andrew Jackson', TO_DATE('1837-05-01', 'YYYY-MM-DD'));
INSERT INTO AssociateJustices (justiceName, state, nominatingPresident, dateAppointed) VALUES ('JMcKinley', 'Alabama', 'Martin Van Buren', TO_DATE('1838-01-09', 'YYYY-MM-DD'));
INSERT INTO AssociateJustices (justiceName, state, nominatingPresident, dateAppointed) VALUES ('PVDaniel', 'Virginia', 'Martin Van Buren', TO_DATE('1842-01-10', 'YYYY-MM-DD'));
INSERT INTO AssociateJustices (justiceName, state, nominatingPresident, dateAppointed) VALUES ('SNelson', 'New York', 'John Tyler', TO_DATE('1845-02-27', 'YYYY-MM-DD'));
INSERT INTO AssociateJustices (justiceName, state, nominatingPresident, dateAppointed) VALUES ('LWoodbury', 'New Hampshire', 'James Knox Polk', TO_DATE('1845-09-23', 'YYYY-MM-DD'));
INSERT INTO AssociateJustices (justiceName, state, nominatingPresident, dateAppointed) VALUES ('RCGrier', 'Pennsylvania', 'James Knox Polk', TO_DATE('1846-08-10', 'YYYY-MM-DD'));
INSERT INTO AssociateJustices (justiceName, state, nominatingPresident, dateAppointed) VALUES ('BRCurtis', 'Massachusetts', 'Millard Fillmore', TO_DATE('1851-10-10', 'YYYY-MM-DD'));
INSERT INTO AssociateJustices (justiceName, state, nominatingPresident, dateAppointed) VALUES ('JACampbell', 'Alabama', 'Franklin Pierce', TO_DATE('1853-04-11', 'YYYY-MM-DD'));
INSERT INTO AssociateJustices (justiceName, state, nominatingPresident, dateAppointed) VALUES ('NClifford', 'Maine', 'James Buchanan', TO_DATE('1858-01-21', 'YYYY-MM-DD'));
INSERT INTO AssociateJustices (justiceName, state, nominatingPresident, dateAppointed) VALUES ('NHSwayne', 'Ohio', 'Abraham Lincoln', TO_DATE('1862-01-27', 'YYYY-MM-DD'));
INSERT INTO AssociateJustices (justiceName, state, nominatingPresident, dateAppointed) VALUES ('SFMiller', 'Iowa', 'Abraham Lincoln', TO_DATE('1862-07-21', 'YYYY-MM-DD'));
INSERT INTO AssociateJustices (justiceName, state, nominatingPresident, dateAppointed) VALUES ('DDavis', 'Illinois', 'Abraham Lincoln', TO_DATE('1862-12-10', 'YYYY-MM-DD'));
INSERT INTO AssociateJustices (justiceName, state, nominatingPresident, dateAppointed) VALUES ('SJField', 'California', 'Abraham Lincoln', TO_DATE('1863-05-20', 'YYYY-MM-DD'));
INSERT INTO AssociateJustices (justiceName, state, nominatingPresident, dateAppointed) VALUES ('WStrong', 'Pennsylvania', 'Ulysses S. Grant', TO_DATE('1870-03-14', 'YYYY-MM-DD'));
INSERT INTO AssociateJustices (justiceName, state, nominatingPresident, dateAppointed) VALUES ('JPBradley', 'New Jersey', 'Ulysses S. Grant', TO_DATE('1870-03-23', 'YYYY-MM-DD'));
INSERT INTO AssociateJustices (justiceName, state, nominatingPresident, dateAppointed) VALUES ('WHunt', 'New York', 'Ulysses S. Grant', TO_DATE('1873-01-09', 'YYYY-MM-DD'));
INSERT INTO AssociateJustices (justiceName, state, nominatingPresident, dateAppointed) VALUES ('JHarlan1', 'Kentucky', 'Rutherford B. Hayes', TO_DATE('1877-12-10', 'YYYY-MM-DD'));
INSERT INTO AssociateJustices (justiceName, state, nominatingPresident, dateAppointed) VALUES ('WBWoods', 'Georgia', 'Rutherford B. Hayes', TO_DATE('1881-01-05', 'YYYY-MM-DD'));
INSERT INTO AssociateJustices (justiceName, state, nominatingPresident, dateAppointed) VALUES ('SMatthews', 'Ohio', 'James A. Garfield', TO_DATE('1881-05-17', 'YYYY-MM-DD'));
INSERT INTO AssociateJustices (justiceName, state, nominatingPresident, dateAppointed) VALUES ('HGray', 'Massachusetts', 'Chester Arthur', TO_DATE('1882-01-09', 'YYYY-MM-DD'));
INSERT INTO AssociateJustices (justiceName, state, nominatingPresident, dateAppointed) VALUES ('Sblatchford', 'New York', 'Chester Arthur', TO_DATE('1882-04-03', 'YYYY-MM-DD'));
INSERT INTO AssociateJustices (justiceName, state, nominatingPresident, dateAppointed) VALUES ('LQLamar', 'Mississippi', 'Grover Cleveland', TO_DATE('1888-01-18', 'YYYY-MM-DD'));
INSERT INTO AssociateJustices (justiceName, state, nominatingPresident, dateAppointed) VALUES ('DJBrewer', 'Kansas', 'Benjamin Harrison', TO_DATE('1890-01-06', 'YYYY-MM-DD'));
INSERT INTO AssociateJustices (justiceName, state, nominatingPresident, dateAppointed) VALUES ('HBBrown', 'Michigan', 'Benjamin Harrison', TO_DATE('1891-01-05', 'YYYY-MM-DD'));
INSERT INTO AssociateJustices (justiceName, state, nominatingPresident, dateAppointed) VALUES ('GShiras ', 'Pennsylvania', 'Benjamin Harrison', TO_DATE('1892-10-10', 'YYYY-MM-DD'));
INSERT INTO AssociateJustices (justiceName, state, nominatingPresident, dateAppointed) VALUES ('HEJackson', 'Tennessee', 'Benjamin Harrison', TO_DATE('1893-03-04', 'YYYY-MM-DD'));
INSERT INTO AssociateJustices (justiceName, state, nominatingPresident, dateAppointed) VALUES ('EDEWhite', 'Louisiana', 'Grover Cleveland', TO_DATE('1894-03-12', 'YYYY-MM-DD'));
INSERT INTO AssociateJustices (justiceName, state, nominatingPresident, dateAppointed) VALUES ('RWPeckham', 'New York', 'Grover Cleveland', TO_DATE('1896-01-06', 'YYYY-MM-DD'));
INSERT INTO AssociateJustices (justiceName, state, nominatingPresident, dateAppointed) VALUES ('JMcKenna', 'California', 'William McKinley', TO_DATE('1898-01-26', 'YYYY-MM-DD'));
INSERT INTO AssociateJustices (justiceName, state, nominatingPresident, dateAppointed) VALUES ('OWHolmes ', 'Massachusetts', 'Theodore Roosevelt', TO_DATE('1902-12-08', 'YYYY-MM-DD'));
INSERT INTO AssociateJustices (justiceName, state, nominatingPresident, dateAppointed) VALUES ('WRDay', 'Ohio', 'Theodore Roosevelt', TO_DATE('1903-03-02', 'YYYY-MM-DD'));
INSERT INTO AssociateJustices (justiceName, state, nominatingPresident, dateAppointed) VALUES ('WHMoody', 'Massachusetts', 'Theodore Roosevelt', TO_DATE('1906-12-17', 'YYYY-MM-DD'));
INSERT INTO AssociateJustices (justiceName, state, nominatingPresident, dateAppointed) VALUES ('HHLurton', 'Tennessee', 'William Howard Taft', TO_DATE('1910-01-03', 'YYYY-MM-DD'));
INSERT INTO AssociateJustices (justiceName, state, nominatingPresident, dateAppointed) VALUES ('CEHughes1', 'New York', 'William Howard Taft', TO_DATE('1910-10-10', 'YYYY-MM-DD'));
INSERT INTO AssociateJustices (justiceName, state, nominatingPresident, dateAppointed) VALUES ('WVanDevanter', 'Wyoming', 'William Howard Taft', TO_DATE('1911-01-03', 'YYYY-MM-DD'));
INSERT INTO AssociateJustices (justiceName, state, nominatingPresident, dateAppointed) VALUES ('JRLamar', 'Georgia', 'William Howard Taft', TO_DATE('1911-01-03', 'YYYY-MM-DD'));
INSERT INTO AssociateJustices (justiceName, state, nominatingPresident, dateAppointed) VALUES ('MPitney', 'New Jersey', 'William Howard Taft', TO_DATE('1912-03-18', 'YYYY-MM-DD'));
INSERT INTO AssociateJustices (justiceName, state, nominatingPresident, dateAppointed) VALUES ('JCMcReynolds', 'Tennessee', 'Woodrow Wilson', TO_DATE('1914-10-12', 'YYYY-MM-DD'));
INSERT INTO AssociateJustices (justiceName, state, nominatingPresident, dateAppointed) VALUES ('LDBrandeis', 'Massachusetts', 'Woodrow Wilson', TO_DATE('1916-06-05', 'YYYY-MM-DD'));
INSERT INTO AssociateJustices (justiceName, state, nominatingPresident, dateAppointed) VALUES ('JHClarke', 'Ohio', 'Woodrow Wilson', TO_DATE('1916-10-09', 'YYYY-MM-DD'));
INSERT INTO AssociateJustices (justiceName, state, nominatingPresident, dateAppointed) VALUES ('GSutherland', 'Utah', 'Warren G. Harding', TO_DATE('1922-10-02', 'YYYY-MM-DD'));
INSERT INTO AssociateJustices (justiceName, state, nominatingPresident, dateAppointed) VALUES ('PButler', 'Minnesota', 'Warren G. Harding', TO_DATE('1923-01-02', 'YYYY-MM-DD'));
INSERT INTO AssociateJustices (justiceName, state, nominatingPresident, dateAppointed) VALUES ('ETSanford', 'Tennessee', 'Warren G. Harding', TO_DATE('1923-02-19', 'YYYY-MM-DD'));
INSERT INTO AssociateJustices (justiceName, state, nominatingPresident, dateAppointed) VALUES ('HFStone', 'New York', 'Calvin Coolidge', TO_DATE('1925-03-02', 'YYYY-MM-DD'));
INSERT INTO AssociateJustices (justiceName, state, nominatingPresident, dateAppointed) VALUES ('OJRoberts', 'Pennsylvania', 'Herbert Hoover', TO_DATE('1930-06-02', 'YYYY-MM-DD'));
INSERT INTO AssociateJustices (justiceName, state, nominatingPresident, dateAppointed) VALUES ('BNCardozo', 'New York', 'Herbert Hoover', TO_DATE('1932-03-14', 'YYYY-MM-DD'));
INSERT INTO AssociateJustices (justiceName, state, nominatingPresident, dateAppointed) VALUES ('HLBlack', 'Alabama', 'Franklin D. Roosevelt', TO_DATE('1937-08-19', 'YYYY-MM-DD'));
INSERT INTO AssociateJustices (justiceName, state, nominatingPresident, dateAppointed) VALUES ('SFReed', 'Kentucky', 'Franklin D. Roosevelt', TO_DATE('1938-01-31', 'YYYY-MM-DD'));
INSERT INTO AssociateJustices (justiceName, state, nominatingPresident, dateAppointed) VALUES ('FFrankfurter', 'Massachusetts', 'Franklin D. Roosevelt', TO_DATE('1939-01-30', 'YYYY-MM-DD'));
INSERT INTO AssociateJustices (justiceName, state, nominatingPresident, dateAppointed) VALUES ('WODouglas', 'Connecticut', 'Franklin D. Roosevelt', TO_DATE('1939-04-17', 'YYYY-MM-DD'));
INSERT INTO AssociateJustices (justiceName, state, nominatingPresident, dateAppointed) VALUES ('FMurphy', 'Michigan', 'Franklin D. Roosevelt', TO_DATE('1940-02-05', 'YYYY-MM-DD'));
INSERT INTO AssociateJustices (justiceName, state, nominatingPresident, dateAppointed) VALUES ('JFByrnes', 'South Carolina', 'Franklin D. Roosevelt', TO_DATE('1941-07-08', 'YYYY-MM-DD'));
INSERT INTO AssociateJustices (justiceName, state, nominatingPresident, dateAppointed) VALUES ('RHJackson', 'New York', 'Franklin D. Roosevelt', TO_DATE('1941-07-11', 'YYYY-MM-DD'));
INSERT INTO AssociateJustices (justiceName, state, nominatingPresident, dateAppointed) VALUES ('WBRutledge', 'Iowa', 'Franklin D. Roosevelt', TO_DATE('1943-02-15', 'YYYY-MM-DD'));
INSERT INTO AssociateJustices (justiceName, state, nominatingPresident, dateAppointed) VALUES ('HHBurton', 'Ohio', 'Harry S. Truman', TO_DATE('1945-10-01', 'YYYY-MM-DD'));
INSERT INTO AssociateJustices (justiceName, state, nominatingPresident, dateAppointed) VALUES ('TCClark', 'Texas', 'Harry S. Truman', TO_DATE('1949-08-24', 'YYYY-MM-DD'));
INSERT INTO AssociateJustices (justiceName, state, nominatingPresident, dateAppointed) VALUES ('SMinton', 'Indiana', 'Harry S. Truman', TO_DATE('1949-10-12', 'YYYY-MM-DD'));
INSERT INTO AssociateJustices (justiceName, state, nominatingPresident, dateAppointed) VALUES ('JHarlan2', 'New York', 'Dwight D. Eisenhower', TO_DATE('1955-03-28', 'YYYY-MM-DD'));
INSERT INTO AssociateJustices (justiceName, state, nominatingPresident, dateAppointed) VALUES ('WJBrennan', 'New Jersey', 'Dwight D. Eisenhower', TO_DATE('1956-10-16', 'YYYY-MM-DD'));
INSERT INTO AssociateJustices (justiceName, state, nominatingPresident, dateAppointed) VALUES ('CEWhittaker', 'Missouri', 'Dwight D. Eisenhower', TO_DATE('1957-03-25', 'YYYY-MM-DD'));
INSERT INTO AssociateJustices (justiceName, state, nominatingPresident, dateAppointed) VALUES ('PStewart', 'Ohio', 'Dwight D. Eisenhower', TO_DATE('1958-10-14', 'YYYY-MM-DD'));
INSERT INTO AssociateJustices (justiceName, state, nominatingPresident, dateAppointed) VALUES ('BRWhite', 'Colorado', 'John F. Kennedy', TO_DATE('1962-04-16', 'YYYY-MM-DD'));
INSERT INTO AssociateJustices (justiceName, state, nominatingPresident, dateAppointed) VALUES ('AJGoldberg', 'Illinois', 'John F. Kennedy', TO_DATE('1962-10-01', 'YYYY-MM-DD'));
INSERT INTO AssociateJustices (justiceName, state, nominatingPresident, dateAppointed) VALUES ('AFortas', 'Tennessee', 'Lyndon B. Johnson', TO_DATE('1965-10-04', 'YYYY-MM-DD'));
INSERT INTO AssociateJustices (justiceName, state, nominatingPresident, dateAppointed) VALUES ('TMarshall', 'New York', 'Lyndon B. Johnson', TO_DATE('1967-10-02', 'YYYY-MM-DD'));
INSERT INTO AssociateJustices (justiceName, state, nominatingPresident, dateAppointed) VALUES ('HABlackmun', 'Minnesota', 'Richard M. Nixon', TO_DATE('1970-06-09', 'YYYY-MM-DD'));
INSERT INTO AssociateJustices (justiceName, state, nominatingPresident, dateAppointed) VALUES ('LFPowell', 'Virginia', 'Richard M. Nixon', TO_DATE('1972-01-07', 'YYYY-MM-DD'));
INSERT INTO AssociateJustices (justiceName, state, nominatingPresident, dateAppointed) VALUES ('WHRehnquist', 'Arizona', 'Richard M. Nixon', TO_DATE('1972-01-07', 'YYYY-MM-DD'));
INSERT INTO AssociateJustices (justiceName, state, nominatingPresident, dateAppointed) VALUES ('JStevens', 'Illinois', 'Gerald R. Ford', TO_DATE('1975-12-19', 'YYYY-MM-DD'));
INSERT INTO AssociateJustices (justiceName, state, nominatingPresident, dateAppointed) VALUES ('SDOConnor', 'Arizona', 'Ronald Reagan', TO_DATE('1981-09-25', 'YYYY-MM-DD'));
INSERT INTO AssociateJustices (justiceName, state, nominatingPresident, dateAppointed) VALUES ('AScalia', 'Virginia', 'Ronald Reagan', TO_DATE('1986-09-26', 'YYYY-MM-DD'));
INSERT INTO AssociateJustices (justiceName, state, nominatingPresident, dateAppointed) VALUES ('AMKennedy', 'California', 'Ronald Reagan', TO_DATE('1988-02-18', 'YYYY-MM-DD'));
INSERT INTO AssociateJustices (justiceName, state, nominatingPresident, dateAppointed) VALUES ('DHSouter', 'New Hampshire', 'George Bush', TO_DATE('1990-10-09', 'YYYY-MM-DD'));
INSERT INTO AssociateJustices (justiceName, state, nominatingPresident, dateAppointed) VALUES ('CThomas', 'Georgia', 'George Bush', TO_DATE('1991-10-23', 'YYYY-MM-DD'));
INSERT INTO AssociateJustices (justiceName, state, nominatingPresident, dateAppointed) VALUES ('RBGinsburg', 'New York', 'William J. Clinton', TO_DATE('1993-08-10', 'YYYY-MM-DD'));
INSERT INTO AssociateJustices (justiceName, state, nominatingPresident, dateAppointed) VALUES ('SGBreyer', 'Massachusetts', 'William J. Clinton', TO_DATE('1994-08-03', 'YYYY-MM-DD'));
INSERT INTO AssociateJustices (justiceName, state, nominatingPresident, dateAppointed) VALUES ('SAAlito', 'New Jersey', 'George W. Bush', TO_DATE('2006-01-31', 'YYYY-MM-DD'));
INSERT INTO AssociateJustices (justiceName, state, nominatingPresident, dateAppointed) VALUES ('SSotomayor', 'New York', 'Barack Obama', TO_DATE('2009-08-08', 'YYYY-MM-DD'));
INSERT INTO AssociateJustices (justiceName, state, nominatingPresident, dateAppointed) VALUES ('EKagan', 'Massachusetts', 'Barack Obama', TO_DATE('2010-08-07', 'YYYY-MM-DD'));
INSERT INTO AssociateJustices (justiceName, state, nominatingPresident, dateAppointed) VALUES ('NMGorsuch', 'Colorado', 'Donald Trump', TO_DATE('2017-04-10', 'YYYY-MM-DD'));
INSERT INTO AssociateJustices (justiceName, state, nominatingPresident, dateAppointed) VALUES ('BMKavanaugh', 'Maryland', 'Donald Trump', TO_DATE('2018-10-06', 'YYYY-MM-DD'));
INSERT INTO AssociateJustices (justiceName, state, nominatingPresident, dateAppointed) VALUES ('ACBarrett', 'Indiana', 'Donald Trump', TO_DATE('2020-10-27', 'YYYY-MM-DD'));
INSERT INTO AssociateJustices (justiceName, state, nominatingPresident, dateAppointed) VALUES ('KBJackson', 'Washington, D.C.', 'Joe Biden', TO_DATE('2022-06-30', 'YYYY-MM-DD'));
INSERT INTO ChiefJustices (justiceName, state, nominatingPresident, dateAppointed) VALUES ('JJay', 'New York', 'George Washington', TO_DATE('1789-10-19', 'YYYY-MM-DD'));
INSERT INTO ChiefJustices (justiceName, state, nominatingPresident, dateAppointed) VALUES ('JRutledge2', 'South Carolina', 'George Washington', TO_DATE('1795-08-12', 'YYYY-MM-DD'));
INSERT INTO ChiefJustices (justiceName, state, nominatingPresident, dateAppointed) VALUES ('OEllsworth', 'Connecticut', 'George Washington', TO_DATE('1796-03-08', 'YYYY-MM-DD'));
INSERT INTO ChiefJustices (justiceName, state, nominatingPresident, dateAppointed) VALUES ('JMarshall', 'Virginia', 'John Adams', TO_DATE('1801-02-04', 'YYYY-MM-DD'));
INSERT INTO ChiefJustices (justiceName, state, nominatingPresident, dateAppointed) VALUES ('RBTaney', 'Maryland', 'Andrew Jackson', TO_DATE('1836-03-28', 'YYYY-MM-DD'));
INSERT INTO ChiefJustices (justiceName, state, nominatingPresident, dateAppointed) VALUES ('SPChase', 'Ohio', 'Abraham Lincoln', TO_DATE('1864-12-15', 'YYYY-MM-DD'));
INSERT INTO ChiefJustices (justiceName, state, nominatingPresident, dateAppointed) VALUES ('MRWaite', 'Ohio', 'Ulysses S. Grant', TO_DATE('1874-03-04', 'YYYY-MM-DD'));
INSERT INTO ChiefJustices (justiceName, state, nominatingPresident, dateAppointed) VALUES ('MWFuller', 'Illinois', 'Grover Cleveland', TO_DATE('1888-10-08', 'YYYY-MM-DD'));
INSERT INTO ChiefJustices (justiceName, state, nominatingPresident, dateAppointed) VALUES ('EDEWhite', 'Louisiana', 'William Howard Taft', TO_DATE('1910-12-19', 'YYYY-MM-DD'));
INSERT INTO ChiefJustices (justiceName, state, nominatingPresident, dateAppointed) VALUES ('WHTaft', 'Connecticut', 'Warren G. Harding', TO_DATE('1921-07-11', 'YYYY-MM-DD'));
INSERT INTO ChiefJustices (justiceName, state, nominatingPresident, dateAppointed) VALUES ('CEHughes', 'New York', 'Herbert Hoover', TO_DATE('1930-02-24', 'YYYY-MM-DD'));
INSERT INTO ChiefJustices (justiceName, state, nominatingPresident, dateAppointed) VALUES ('HFStone', 'New York', 'Franklin D. Roosevelt', TO_DATE('1941-07-03', 'YYYY-MM-DD'));
INSERT INTO ChiefJustices (justiceName, state, nominatingPresident, dateAppointed) VALUES ('FMVinson', 'Kentucky', 'Harry S. Truman', TO_DATE('1946-06-24', 'YYYY-MM-DD'));
INSERT INTO ChiefJustices (justiceName, state, nominatingPresident, dateAppointed) VALUES ('EWarren', 'California', 'Dwight D. Eisenhower', TO_DATE('1953-10-05', 'YYYY-MM-DD'));
INSERT INTO ChiefJustices (justiceName, state, nominatingPresident, dateAppointed) VALUES ('WEBurger', 'Virginia', 'Richard M. Nixon', TO_DATE('1969-06-23', 'YYYY-MM-DD'));
INSERT INTO ChiefJustices (justiceName, state, nominatingPresident, dateAppointed) VALUES ('WHRehnquist', 'Virginia', 'Ronald Reagan', TO_DATE('1986-09-26', 'YYYY-MM-DD'));
INSERT INTO ChiefJustices (justiceName, state, nominatingPresident, dateAppointed) VALUES ('JGRoberts', 'Maryland', 'George W. Bush', TO_DATE('2005-09-29', 'YYYY-MM-DD'));
